Model,Accuracy,Precision,Recall,F1-Score,AUC,Confusion
LogisticRegression,0.8075,0.6853448275862069,0.23963828183873398,0.35510887772194305,0.7076575965667866,"[[4527  146]
 [1009  318]]"
RandomForest,0.8175,0.6695906432748538,0.34513941220798794,0.4554947787170562,0.7723968972456532,"[[4447  226]
 [ 869  458]]"
XGBoost,0.8178333333333333,0.6602739726027397,0.3632253202712886,0.46864365580943124,0.7760290117626456,"[[4425  248]
 [ 845  482]]"
